Workbook

Sheet Расчёт
A1: РАСЧЁТ КОНЦЕНТРАЦИИ ДЭГ ПО ИЗМЕРЕННОЙ ПЛОТНОСТИ
A2: Исходная зависимость — лист «Лист1»: A1:A10 — концентрация ДЭГ, % масс.; B1:B10 — плотность ДЭГ, г/см³.
A3: Метод: линейная интерполяция между двумя соседними точками таблицы. Проверка совпадения с таблицей — лист «Проверка».
A5: ИСХОДНЫЕ ДАННЫЕ (заполняется пользователем)
A6: Измеренная плотность ДЭГ, г/см³ | B6: 1.08 | C6: ← вводить только в эту жёлтую ячейку (лист «Расчёт»)
A8: РЕЗУЛЬТАТ РАСЧЁТА
A9: Концентрация ДЭГ, % масс. | B9: =IF(NOT(ISNUMBER($B$6)),"Введите плотность (число)",IF(OR($B$6<MIN('Лист1'!$B$1:$B$10),$B$6>MAX('Лист1'!$B$1:$B$10)),"Вне диапазона таблицы",IFERROR(INDEX('Лист1'!$A$1:$A$10,$B$28)+(INDEX('Лист1'!$A$1:$A$10,$B$28+1)-INDEX('Лист1'!$A$1:$A$10,$B$28))*($B$6-INDEX('Лист1'!$B$1:$B$10,$B$28))/(INDEX('Лист1'!$B$1:$B$10,$B$28+1)-INDEX('Лист1'!$B$1:$B$10,$B$28)),"Ошибка расчёта")))
A10: Статус ввода | B10: =IF(NOT(ISNUMBER($B$6)),"Нет данных",IF(OR($B$6<MIN('Лист1'!$B$1:$B$10),$B$6>MAX('Лист1'!$B$1:$B$10)),"Вне диапазона таблицы — расчёт не выполняется","В пределах таблицы — выполнена интерполяция"))
A11: Контрольный пересчёт вторым способом | B11: =IFERROR((INDEX('Лист1'!$A$1:$A$10,$B$29)*(INDEX('Лист1'!$B$1:$B$10,$B$29+1)-$B$6)+INDEX('Лист1'!$A$1:$A$10,$B$29+1)*($B$6-INDEX('Лист1'!$B$1:$B$10,$B$29)))/(INDEX('Лист1'!$B$1:$B$10,$B$29+1)-INDEX('Лист1'!$B$1:$B$10,$B$29)),"") | C11: =IF(OR(NOT(ISNUMBER($B$9)),NOT(ISNUMBER($B$11))),"",IF(ABS($B$9-$B$11)<0.0000001,"оба способа дают одно значение","РАСХОЖДЕНИЕ СПОСОБОВ — сообщите разработчику"))
A13: Диапазон применимости (по таблице), г/см³: | B13: =MIN('Лист1'!$B$1:$B$10) | C13: =MAX('Лист1'!$B$1:$B$10) | D13: мин. … макс. (соответствует 10 … 100 % масс.)
A14: Контроль исходной таблицы | B14: =IF(AND(COUNT('Лист1'!$B$1:$B$10)=10,SUMPRODUCT(('Лист1'!$B$1:$B$9<='Лист1'!$B$2:$B$10)*1)=0),"таблица в порядке: 10 точек, плотность убывает","ВНИМАНИЕ: таблица на листе «Лист1» изменена — проверьте A1:B10")
A16: ИСПОЛЬЗОВАННЫЙ УЧАСТОК ТАБЛИЦЫ
B17: нижняя точка | C17: верхняя точка
A18: Плотность, г/см³ | B18: =IF(ISNUMBER($B$28),INDEX('Лист1'!$B$1:$B$10,$B$28+1),"") | C18: =IF(ISNUMBER($B$28),INDEX('Лист1'!$B$1:$B$10,$B$28+0),"")
A19: Концентрация, % масс. | B19: =IF(ISNUMBER($B$28),INDEX('Лист1'!$A$1:$A$10,$B$28+1),"") | C19: =IF(ISNUMBER($B$28),INDEX('Лист1'!$A$1:$A$10,$B$28+0),"")
A20: Чувствительность на этом участке, % масс. на 0,001 г/см³ | B20: =IFERROR(ABS((INDEX('Лист1'!$A$1:$A$10,$B$28+1)-INDEX('Лист1'!$A$1:$A$10,$B$28))/(INDEX('Лист1'!$B$1:$B$10,$B$28+1)-INDEX('Лист1'!$B$1:$B$10,$B$28)))*0.001,"") | C20: на сколько сдвинется результат при ошибке плотности 0,001 г/см³
A22: СПРАВОЧНО: расчёт по уравнению линейного тренда C = a·ρ + b | C22: НЕ использовать как результат: зависимость нелинейна. Рабочий результат — ячейка B9.
A23: a (наклон) | B23: =SLOPE('Лист1'!$A$1:$A$10,'Лист1'!$B$1:$B$10)
A24: b (отрезок) | B24: =INTERCEPT('Лист1'!$A$1:$A$10,'Лист1'!$B$1:$B$10)
A25: R² | B25: =RSQ('Лист1'!$A$1:$A$10,'Лист1'!$B$1:$B$10)
A26: Концентрация по тренду, % масс. | B26: =IF(ISNUMBER($B$6),$B$23*$B$6+$B$24,"") | C26: отклонение тренда от расчёта по таблице, % абс.: | D26: =IF(AND(ISNUMBER($B$9),ISNUMBER($B$26)),$B$26-$B$9,"")
A27: Служебные ячейки (не изменять)
A28: Номер нижней точки интервала, способ 1 | B28: =IF(AND(ISNUMBER($B$6),$B$6>=MIN('Лист1'!$B$1:$B$10),$B$6<=MAX('Лист1'!$B$1:$B$10)),MIN(9,MAX(1,SUMPRODUCT(('Лист1'!$B$1:$B$10>=$B$6)*1))),"")
A29: Номер нижней точки интервала, способ 2 | B29: =IF(AND(ISNUMBER($B$6),$B$6>=MIN('Лист1'!$B$1:$B$10),$B$6<=MAX('Лист1'!$B$1:$B$10)),MIN(9,MAX(1,MATCH($B$6,'Лист1'!$B$1:$B$10,-1))),"")
A31: ПОРЯДОК РАБОТЫ
A32: 1. Ввести измеренную плотность ДЭГ (г/см³) в жёлтую ячейку B6 этого листа. Лист «Расчёт» не защищён, ввод свободный.
A33: 2. Концентрация ДЭГ в % масс. выводится в ячейке B9. Ячейка B11 — тот же расчёт другой формулой, значения обязаны совпадать.
A34: 3. Вне диапазона B13…C13 выводится «Вне диапазона таблицы»: экстраполяция не выполняется.
A35: 4. Не вводить плотность на листе «Лист1»: в B1:B10 там лежит сама зависимость, ввод поверх неё испортит расчёт.
A36: 5. Если результат не меняется при вводе — включён ручной пересчёт: «Формулы» → «Параметры вычислений» → «Автоматически» (или F9).
A37: 6. Плотность должна быть приведена к температуре, при которой снята исходная таблица. Выше 50 % масс. зависимость очень пологая: ошибка плотности 0,001 г/см³ даёт до 2,6 % масс. по концентрации (см. лист «Проверка»).
A38: 7. Таблицу на «Лист1» можно дополнять точками — расчёт использует её напрямую; плотность должна оставаться в порядке убывания.

Sheet Проверка
A1: ПРОВЕРКА: расчёт в табличных точках обязан давать табличную концентрацию
A2: Каждая строка — точка исходной таблицы с листа «Лист1». Столбцы E и F — два независимых способа расчёта по той же зависимости.
A4: № | B4: Плотность из таблицы, г/см³ | C4: Концентрация по таблице, % масс. | E4: Расчёт, способ 1 | F4: Расчёт, способ 2 | G4: Отклонение от таблицы, % абс. | H4: Расхождение способов, % абс. | J4: служебн. k1 | K4: служебн. k2
A5: 1 | B5: ='Лист1'!B1 | C5: ='Лист1'!A1 | E5: =INDEX('Лист1'!$A$1:$A$10,$J5)+(INDEX('Лист1'!$A$1:$A$10,$J5+1)-INDEX('Лист1'!$A$1:$A$10,$J5))*($B5-INDEX('Лист1'!$B$1:$B$10,$J5))/(INDEX('Лист1'!$B$1:$B$10,$J5+1)-INDEX('Лист1'!$B$1:$B$10,$J5)) | F5: =(INDEX('Лист1'!$A$1:$A$10,$K5)*(INDEX('Лист1'!$B$1:$B$10,$K5+1)-$B5)+INDEX('Лист1'!$A$1:$A$10,$K5+1)*($B5-INDEX('Лист1'!$B$1:$B$10,$K5)))/(INDEX('Лист1'!$B$1:$B$10,$K5+1)-INDEX('Лист1'!$B$1:$B$10,$K5)) | G5: =ABS(E5-C5) | H5: =ABS(E5-F5) | J5: =MIN(9,MAX(1,SUMPRODUCT(('Лист1'!$B$1:$B$10>=$B5)*1))) | K5: =MIN(9,MAX(1,MATCH($B5,'Лист1'!$B$1:$B$10,-1)))
A6: 2 | B6: ='Лист1'!B2 | C6: ='Лист1'!A2 | E6: =INDEX('Лист1'!$A$1:$A$10,$J6)+(INDEX('Лист1'!$A$1:$A$10,$J6+1)-INDEX('Лист1'!$A$1:$A$10,$J6))*($B6-INDEX('Лист1'!$B$1:$B$10,$J6))/(INDEX('Лист1'!$B$1:$B$10,$J6+1)-INDEX('Лист1'!$B$1:$B$10,$J6)) | F6: =(INDEX('Лист1'!$A$1:$A$10,$K6)*(INDEX('Лист1'!$B$1:$B$10,$K6+1)-$B6)+INDEX('Лист1'!$A$1:$A$10,$K6+1)*($B6-INDEX('Лист1'!$B$1:$B$10,$K6)))/(INDEX('Лист1'!$B$1:$B$10,$K6+1)-INDEX('Лист1'!$B$1:$B$10,$K6)) | G6: =ABS(E6-C6) | H6: =ABS(E6-F6) | J6: =MIN(9,MAX(1,SUMPRODUCT(('Лист1'!$B$1:$B$10>=$B6)*1))) | K6: =MIN(9,MAX(1,MATCH($B6,'Лист1'!$B$1:$B$10,-1)))
A7: 3 | B7: ='Лист1'!B3 | C7: ='Лист1'!A3 | E7: =INDEX('Лист1'!$A$1:$A$10,$J7)+(INDEX('Лист1'!$A$1:$A$10,$J7+1)-INDEX('Лист1'!$A$1:$A$10,$J7))*($B7-INDEX('Лист1'!$B$1:$B$10,$J7))/(INDEX('Лист1'!$B$1:$B$10,$J7+1)-INDEX('Лист1'!$B$1:$B$10,$J7)) | F7: =(INDEX('Лист1'!$A$1:$A$10,$K7)*(INDEX('Лист1'!$B$1:$B$10,$K7+1)-$B7)+INDEX('Лист1'!$A$1:$A$10,$K7+1)*($B7-INDEX('Лист1'!$B$1:$B$10,$K7)))/(INDEX('Лист1'!$B$1:$B$10,$K7+1)-INDEX('Лист1'!$B$1:$B$10,$K7)) | G7: =ABS(E7-C7) | H7: =ABS(E7-F7) | J7: =MIN(9,MAX(1,SUMPRODUCT(('Лист1'!$B$1:$B$10>=$B7)*1))) | K7: =MIN(9,MAX(1,MATCH($B7,'Лист1'!$B$1:$B$10,-1)))
A8: 4 | B8: ='Лист1'!B4 | C8: ='Лист1'!A4 | E8: =INDEX('Лист1'!$A$1:$A$10,$J8)+(INDEX('Лист1'!$A$1:$A$10,$J8+1)-INDEX('Лист1'!$A$1:$A$10,$J8))*($B8-INDEX('Лист1'!$B$1:$B$10,$J8))/(INDEX('Лист1'!$B$1:$B$10,$J8+1)-INDEX('Лист1'!$B$1:$B$10,$J8)) | F8: =(INDEX('Лист1'!$A$1:$A$10,$K8)*(INDEX('Лист1'!$B$1:$B$10,$K8+1)-$B8)+INDEX('Лист1'!$A$1:$A$10,$K8+1)*($B8-INDEX('Лист1'!$B$1:$B$10,$K8)))/(INDEX('Лист1'!$B$1:$B$10,$K8+1)-INDEX('Лист1'!$B$1:$B$10,$K8)) | G8: =ABS(E8-C8) | H8: =ABS(E8-F8) | J8: =MIN(9,MAX(1,SUMPRODUCT(('Лист1'!$B$1:$B$10>=$B8)*1))) | K8: =MIN(9,MAX(1,MATCH($B8,'Лист1'!$B$1:$B$10,-1)))
A9: 5 | B9: ='Лист1'!B5 | C9: ='Лист1'!A5 | E9: =INDEX('Лист1'!$A$1:$A$10,$J9)+(INDEX('Лист1'!$A$1:$A$10,$J9+1)-INDEX('Лист1'!$A$1:$A$10,$J9))*($B9-INDEX('Лист1'!$B$1:$B$10,$J9))/(INDEX('Лист1'!$B$1:$B$10,$J9+1)-INDEX('Лист1'!$B$1:$B$10,$J9)) | F9: =(INDEX('Лист1'!$A$1:$A$10,$K9)*(INDEX('Лист1'!$B$1:$B$10,$K9+1)-$B9)+INDEX('Лист1'!$A$1:$A$10,$K9+1)*($B9-INDEX('Лист1'!$B$1:$B$10,$K9)))/(INDEX('Лист1'!$B$1:$B$10,$K9+1)-INDEX('Лист1'!$B$1:$B$10,$K9)) | G9: =ABS(E9-C9) | H9: =ABS(E9-F9) | J9: =MIN(9,MAX(1,SUMPRODUCT(('Лист1'!$B$1:$B$10>=$B9)*1))) | K9: =MIN(9,MAX(1,MATCH($B9,'Лист1'!$B$1:$B$10,-1)))
A10: 6 | B10: ='Лист1'!B6 | C10: ='Лист1'!A6 | E10: =INDEX('Лист1'!$A$1:$A$10,$J10)+(INDEX('Лист1'!$A$1:$A$10,$J10+1)-INDEX('Лист1'!$A$1:$A$10,$J10))*($B10-INDEX('Лист1'!$B$1:$B$10,$J10))/(INDEX('Лист1'!$B$1:$B$10,$J10+1)-INDEX('Лист1'!$B$1:$B$10,$J10)) | F10: =(INDEX('Лист1'!$A$1:$A$10,$K10)*(INDEX('Лист1'!$B$1:$B$10,$K10+1)-$B10)+INDEX('Лист1'!$A$1:$A$10,$K10+1)*($B10-INDEX('Лист1'!$B$1:$B$10,$K10)))/(INDEX('Лист1'!$B$1:$B$10,$K10+1)-INDEX('Лист1'!$B$1:$B$10,$K10)) | G10: =ABS(E10-C10) | H10: =ABS(E10-F10) | J10: =MIN(9,MAX(1,SUMPRODUCT(('Лист1'!$B$1:$B$10>=$B10)*1))) | K10: =MIN(9,MAX(1,MATCH($B10,'Лист1'!$B$1:$B$10,-1)))
A11: 7 | B11: ='Лист1'!B7 | C11: ='Лист1'!A7 | E11: =INDEX('Лист1'!$A$1:$A$10,$J11)+(INDEX('Лист1'!$A$1:$A$10,$J11+1)-INDEX('Лист1'!$A$1:$A$10,$J11))*($B11-INDEX('Лист1'!$B$1:$B$10,$J11))/(INDEX('Лист1'!$B$1:$B$10,$J11+1)-INDEX('Лист1'!$B$1:$B$10,$J11)) | F11: =(INDEX('Лист1'!$A$1:$A$10,$K11)*(INDEX('Лист1'!$B$1:$B$10,$K11+1)-$B11)+INDEX('Лист1'!$A$1:$A$10,$K11+1)*($B11-INDEX('Лист1'!$B$1:$B$10,$K11)))/(INDEX('Лист1'!$B$1:$B$10,$K11+1)-INDEX('Лист1'!$B$1:$B$10,$K11)) | G11: =ABS(E11-C11) | H11: =ABS(E11-F11) | J11: =MIN(9,MAX(1,SUMPRODUCT(('Лист1'!$B$1:$B$10>=$B11)*1))) | K11: =MIN(9,MAX(1,MATCH($B11,'Лист1'!$B$1:$B$10,-1)))
A12: 8 | B12: ='Лист1'!B8 | C12: ='Лист1'!A8 | E12: =INDEX('Лист1'!$A$1:$A$10,$J12)+(INDEX('Лист1'!$A$1:$A$10,$J12+1)-INDEX('Лист1'!$A$1:$A$10,$J12))*($B12-INDEX('Лист1'!$B$1:$B$10,$J12))/(INDEX('Лист1'!$B$1:$B$10,$J12+1)-INDEX('Лист1'!$B$1:$B$10,$J12)) | F12: =(INDEX('Лист1'!$A$1:$A$10,$K12)*(INDEX('Лист1'!$B$1:$B$10,$K12+1)-$B12)+INDEX('Лист1'!$A$1:$A$10,$K12+1)*($B12-INDEX('Лист1'!$B$1:$B$10,$K12)))/(INDEX('Лист1'!$B$1:$B$10,$K12+1)-INDEX('Лист1'!$B$1:$B$10,$K12)) | G12: =ABS(E12-C12) | H12: =ABS(E12-F12) | J12: =MIN(9,MAX(1,SUMPRODUCT(('Лист1'!$B$1:$B$10>=$B12)*1))) | K12: =MIN(9,MAX(1,MATCH($B12,'Лист1'!$B$1:$B$10,-1)))
A13: 9 | B13: ='Лист1'!B9 | C13: ='Лист1'!A9 | E13: =INDEX('Лист1'!$A$1:$A$10,$J13)+(INDEX('Лист1'!$A$1:$A$10,$J13+1)-INDEX('Лист1'!$A$1:$A$10,$J13))*($B13-INDEX('Лист1'!$B$1:$B$10,$J13))/(INDEX('Лист1'!$B$1:$B$10,$J13+1)-INDEX('Лист1'!$B$1:$B$10,$J13)) | F13: =(INDEX('Лист1'!$A$1:$A$10,$K13)*(INDEX('Лист1'!$B$1:$B$10,$K13+1)-$B13)+INDEX('Лист1'!$A$1:$A$10,$K13+1)*($B13-INDEX('Лист1'!$B$1:$B$10,$K13)))/(INDEX('Лист1'!$B$1:$B$10,$K13+1)-INDEX('Лист1'!$B$1:$B$10,$K13)) | G13: =ABS(E13-C13) | H13: =ABS(E13-F13) | J13: =MIN(9,MAX(1,SUMPRODUCT(('Лист1'!$B$1:$B$10>=$B13)*1))) | K13: =MIN(9,MAX(1,MATCH($B13,'Лист1'!$B$1:$B$10,-1)))
A14: 10 | B14: ='Лист1'!B10 | C14: ='Лист1'!A10 | E14: =INDEX('Лист1'!$A$1:$A$10,$J14)+(INDEX('Лист1'!$A$1:$A$10,$J14+1)-INDEX('Лист1'!$A$1:$A$10,$J14))*($B14-INDEX('Лист1'!$B$1:$B$10,$J14))/(INDEX('Лист1'!$B$1:$B$10,$J14+1)-INDEX('Лист1'!$B$1:$B$10,$J14)) | F14: =(INDEX('Лист1'!$A$1:$A$10,$K14)*(INDEX('Лист1'!$B$1:$B$10,$K14+1)-$B14)+INDEX('Лист1'!$A$1:$A$10,$K14+1)*($B14-INDEX('Лист1'!$B$1:$B$10,$K14)))/(INDEX('Лист1'!$B$1:$B$10,$K14+1)-INDEX('Лист1'!$B$1:$B$10,$K14)) | G14: =ABS(E14-C14) | H14: =ABS(E14-F14) | J14: =MIN(9,MAX(1,SUMPRODUCT(('Лист1'!$B$1:$B$10>=$B14)*1))) | K14: =MIN(9,MAX(1,MATCH($B14,'Лист1'!$B$1:$B$10,-1)))
C16: Максимальное отклонение, % абс.: | G16: =MAX(G5:G14) | H16: =MAX(H5:H14)
C17: =IF(MAX(G5:G14)<0.0000001,"Проверка пройдена: расчёт точно воспроизводит все 10 точек таблицы","ПРОВЕРКА НЕ ПРОЙДЕНА — таблица изменена или нарушен порядок убывания плотности")
A19: ЧУВСТВИТЕЛЬНОСТЬ РАСЧЁТА ПО УЧАСТКАМ
A20: Чем выше концентрация, тем меньше изменение плотности на 10 % масс. — тем сильнее результат зависит от точности измерения плотности и от температуры, к которой приведена плотность.
A21: Участок, % масс. | C21: Δρ на участке, г/см³ | E21: Крутизна dC/dρ, % на 1 г/см³ | G21: Сдвиг результата при ошибке ρ 0,001 г/см³, % масс.
A22: ='Лист1'!A2&" – "&'Лист1'!A1 | C22: ='Лист1'!B1-'Лист1'!B2 | E22: =('Лист1'!A1-'Лист1'!A2)/('Лист1'!B1-'Лист1'!B2) | G22: =E22*0.001
A23: ='Лист1'!A3&" – "&'Лист1'!A2 | C23: ='Лист1'!B2-'Лист1'!B3 | E23: =('Лист1'!A2-'Лист1'!A3)/('Лист1'!B2-'Лист1'!B3) | G23: =E23*0.001
A24: ='Лист1'!A4&" – "&'Лист1'!A3 | C24: ='Лист1'!B3-'Лист1'!B4 | E24: =('Лист1'!A3-'Лист1'!A4)/('Лист1'!B3-'Лист1'!B4) | G24: =E24*0.001
A25: ='Лист1'!A5&" – "&'Лист1'!A4 | C25: ='Лист1'!B4-'Лист1'!B5 | E25: =('Лист1'!A4-'Лист1'!A5)/('Лист1'!B4-'Лист1'!B5) | G25: =E25*0.001
A26: ='Лист1'!A6&" – "&'Лист1'!A5 | C26: ='Лист1'!B5-'Лист1'!B6 | E26: =('Лист1'!A5-'Лист1'!A6)/('Лист1'!B5-'Лист1'!B6) | G26: =E26*0.001
A27: ='Лист1'!A7&" – "&'Лист1'!A6 | C27: ='Лист1'!B6-'Лист1'!B7 | E27: =('Лист1'!A6-'Лист1'!A7)/('Лист1'!B6-'Лист1'!B7) | G27: =E27*0.001
A28: ='Лист1'!A8&" – "&'Лист1'!A7 | C28: ='Лист1'!B7-'Лист1'!B8 | E28: =('Лист1'!A7-'Лист1'!A8)/('Лист1'!B7-'Лист1'!B8) | G28: =E28*0.001
A29: ='Лист1'!A9&" – "&'Лист1'!A8 | C29: ='Лист1'!B8-'Лист1'!B9 | E29: =('Лист1'!A8-'Лист1'!A9)/('Лист1'!B8-'Лист1'!B9) | G29: =E29*0.001
A30: ='Лист1'!A10&" – "&'Лист1'!A9 | C30: ='Лист1'!B9-'Лист1'!B10 | E30: =('Лист1'!A9-'Лист1'!A10)/('Лист1'!B9-'Лист1'!B10) | G30: =E30*0.001

Sheet Лист1
A1: 100 | B1: 1.116
A2: 90 | B2: 1.1121
A3: 80 | B3: 1.10577
A4: 70 | B4: 1.09759
A5: 60 | B5: 1.08634
A6: 50 | B6: 1.07287
A7: 40 | B7: 1.0593
A8: 30 | B8: 1.04376
A9: 20 | B9: 1.02941
A10: 10 | B10: 1.01322
A17: ИСХОДНАЯ ЗАВИСИМОСТЬ (A1:B10): столбец A — концентрация ДЭГ, % масс., столбец B — плотность ДЭГ, г/см³.
A18: Лист защищён от изменений: ввод измеренной плотности выполняется на листе «Расчёт» в ячейке B6, а не здесь. Чтобы править саму зависимость: «Рецензирование» → «Снять защиту листа» (пароль не задан).
A19: =IF(AND(COUNT($B$1:$B$10)=10,SUMPRODUCT(($B$1:$B$9<=$B$2:$B$10)*1)=0),"Таблица цела: 10 точек, плотность строго убывает.","ВНИМАНИЕ: таблица повреждена — есть одинаковые или неубывающие значения плотности. Проверьте B1:B10, восстановите исходные значения (60 % = 1,08634; 50 % = 1,07287).")
A20: Проверка совпадения расчёта с этой таблицей — на листе «Проверка».
A28: Коэфициенты из уравнения тренда (справочно, в расчёте не используются)
A29: наклон | B29: отрезок | C29: массив
A30: =SLOPE(A1:A10,B1:B10) | B30: =INTERCEPT(A1:A10,B1:B10) | C30: =CORREL(A1:A10,B1:B10)^2
